Column1,bit_num,problem,mode,seed,Objective value,Solving time,Problem,num_generators
0,2,200,scip,0,960052500,44.668122,facLoc_1000_100_10_5,639
1,2,200,scip,1,961978910,67.546504,facLoc_1000_100_10_5,639
2,2,200,scip,2,961268570,41.858753,facLoc_1000_100_10_5,639
3,2,200,scip,3,961122270,37.178155,facLoc_1000_100_10_5,639
6,2,200,scip,4,960175960,43.067465,facLoc_1000_100_10_5,639
5,2,201,scip,0,921695000,3600.002539,facLoc_1000_100_16_3,639
4,2,201,scip,1,921735000,3600.322175,facLoc_1000_100_16_3,639
7,2,201,scip,2,923025000,3600.235117,facLoc_1000_100_16_3,639
8,2,201,scip,3,921857000,3600.002254,facLoc_1000_100_16_3,639
10,2,201,scip,4,920496000,3600.034282,facLoc_1000_100_16_3,639
9,2,202,scip,0,926326375,3600.022296,facLoc_1000_100_16_8,639
12,2,202,scip,1,923082688,3600.011518,facLoc_1000_100_16_8,639
11,2,202,scip,2,924961821,3600.003673,facLoc_1000_100_16_8,639
13,2,202,scip,3,926233337,3600.006518,facLoc_1000_100_16_8,639
14,2,202,scip,4,925503482,3600.005094,facLoc_1000_100_16_8,639
15,2,203,scip,0,934400000,26.067406,facLoc_1000_100_19_1,639
16,2,203,scip,1,934400000,27.108349,facLoc_1000_100_19_1,639
18,2,203,scip,2,934400000,17.103019,facLoc_1000_100_19_1,639
17,2,203,scip,3,934400000,24.785628,facLoc_1000_100_19_1,639
19,2,203,scip,4,934400000,27.300587,facLoc_1000_100_19_1,639
20,2,204,scip,0,877602617,79.552929,facLoc_1000_20_76_8,967
21,2,204,scip,1,879819614,43.65672,facLoc_1000_20_76_8,967
22,2,204,scip,2,880813206,47.452838,facLoc_1000_20_76_8,967
24,2,204,scip,3,882781660,56.115235,facLoc_1000_20_76_8,967
23,2,204,scip,4,879368768,33.603662,facLoc_1000_20_76_8,967
26,2,205,scip,0,874994000,19.981599,facLoc_1000_20_79_3,968
25,2,205,scip,1,875897000,10.998189,facLoc_1000_20_79_3,968
27,2,205,scip,2,876231000,20.410143,facLoc_1000_20_79_3,968
28,2,205,scip,3,874972000,9.186706,facLoc_1000_20_79_3,968
29,2,205,scip,4,873827000,13.203422,facLoc_1000_20_79_3,968
30,2,206,scip,0,878542850,14.939418,facLoc_1000_20_81_5,965
33,2,206,scip,1,874729680,43.186204,facLoc_1000_20_81_5,965
31,2,206,scip,2,876187420,12.580719,facLoc_1000_20_81_5,965
34,2,206,scip,3,874595830,11.68659,facLoc_1000_20_81_5,965
32,2,206,scip,4,876758490,9.316032,facLoc_1000_20_81_5,965
35,2,207,scip,0,889200000,1.300276,facLoc_1000_20_90_1,1018
36,2,207,scip,1,889200000,1.300086,facLoc_1000_20_90_1,1018
37,2,207,scip,2,889200000,1.328721,facLoc_1000_20_90_1,1018
38,2,207,scip,3,889200000,1.311699,facLoc_1000_20_90_1,1018
40,2,207,scip,4,889200000,1.346076,facLoc_1000_20_90_1,1018
41,2,208,scip,0,1110514700,111.955921,facLoc_1000_250_4_5,255
39,2,208,scip,1,1112620130,102.650837,facLoc_1000_250_4_5,255
43,2,208,scip,2,1107709400,140.960907,facLoc_1000_250_4_5,255
42,2,208,scip,3,1109682020,139.273871,facLoc_1000_250_4_5,255
44,2,208,scip,4,1112162170,154.226365,facLoc_1000_250_4_5,255
45,2,209,scip,0,1059937000,263.442854,facLoc_1000_250_5_3,255
46,2,209,scip,1,1060320000,1180.49559,facLoc_1000_250_5_3,255
48,2,209,scip,2,1061543000,195.099962,facLoc_1000_250_5_3,255
47,2,209,scip,3,1062581000,365.662358,facLoc_1000_250_5_3,255
49,2,209,scip,4,1061660000,153.066592,facLoc_1000_250_5_3,255
50,2,210,scip,0,1063041902,190.108451,facLoc_1000_250_5_8,255
53,2,210,scip,1,1062329711,126.451382,facLoc_1000_250_5_8,255
51,2,210,scip,2,1062005603,246.899384,facLoc_1000_250_5_8,255
52,2,210,scip,3,1061412879,119.672595,facLoc_1000_250_5_8,255
54,2,210,scip,4,1062440595,246.505892,facLoc_1000_250_5_8,255
56,2,211,scip,0,1048700000,124.244748,facLoc_1000_250_6_1,255
55,2,211,scip,1,1048700000,71.982363,facLoc_1000_250_6_1,255
57,2,211,scip,2,1048700000,112.587984,facLoc_1000_250_6_1,255
60,2,211,scip,3,1048700000,124.868464,facLoc_1000_250_6_1,255
59,2,211,scip,4,1048700000,110.099046,facLoc_1000_250_6_1,255
58,2,212,scip,0,1362610000,735.263614,facLoc_1000_500_2_3,127
62,2,212,scip,1,1364500000,782.570806,facLoc_1000_500_2_3,127
61,2,212,scip,2,1361072000,806.559869,facLoc_1000_500_2_3,127
63,2,212,scip,3,1362733000,938.457817,facLoc_1000_500_2_3,127
65,2,212,scip,4,1361137000,1003.9563,facLoc_1000_500_2_3,127
64,2,213,scip,0,1362810870,449.827561,facLoc_1000_500_2_5,127
66,2,213,scip,1,1363097110,746.345717,facLoc_1000_500_2_5,127
68,2,213,scip,2,1364193370,717.666566,facLoc_1000_500_2_5,127
69,2,213,scip,3,1361403880,510.555015,facLoc_1000_500_2_5,127
67,2,213,scip,4,1363870600,542.066666,facLoc_1000_500_2_5,127
70,2,214,scip,0,1211700000,731.092591,facLoc_1000_500_3_1,127
72,2,214,scip,1,1211700000,455.625701,facLoc_1000_500_3_1,127
71,2,214,scip,2,1211700000,385.415243,facLoc_1000_500_3_1,127
73,2,214,scip,3,1211700000,514.539673,facLoc_1000_500_3_1,127
76,2,214,scip,4,1211700000,591.370808,facLoc_1000_500_3_1,127
75,2,215,scip,0,1198031497,3600.435781,facLoc_1000_500_3_8,127
74,2,215,scip,1,1197598266,3600.231507,facLoc_1000_500_3_8,127
77,2,215,scip,2,1198901514,3600.218176,facLoc_1000_500_3_8,127
78,2,215,scip,3,1199816697,3600.028029,facLoc_1000_500_3_8,127
81,2,215,scip,4,1199449713,3600.022962,facLoc_1000_500_3_8,127
80,2,216,scip,0,917719090,144.990729,facLoc_1000_50_21_5,924
79,2,216,scip,1,914244350,127.907688,facLoc_1000_50_21_5,924
82,2,216,scip,2,912359670,633.901439,facLoc_1000_50_21_5,924
83,2,216,scip,3,915052830,182.701007,facLoc_1000_50_21_5,924
84,2,216,scip,4,919147230,110.976421,facLoc_1000_50_21_5,924
86,2,217,scip,0,896598000,3600.004552,facLoc_1000_50_33_3,902
85,2,217,scip,1,897658000,3600.001235,facLoc_1000_50_33_3,902
87,2,217,scip,2,895313000,3600.004313,facLoc_1000_50_33_3,902
88,2,217,scip,3,896675000,3600.092689,facLoc_1000_50_33_3,902
90,2,217,scip,4,894146000,3600.002713,facLoc_1000_50_33_3,902
89,2,218,scip,0,889613173,3600.00515,facLoc_1000_50_37_8,902
91,2,218,scip,1,889931876,3600.001276,facLoc_1000_50_37_8,902
92,2,218,scip,2,889542475,3600.117048,facLoc_1000_50_37_8,902
93,2,218,scip,3,891750245,3600.000191,facLoc_1000_50_37_8,902
94,2,218,scip,4,891192728,3600.006409,facLoc_1000_50_37_8,902
95,2,219,scip,0,903100000,4.00314,facLoc_1000_50_39_1,1048
96,2,219,scip,1,903100000,4.317999,facLoc_1000_50_39_1,1048
97,2,219,scip,2,903100000,4.083779,facLoc_1000_50_39_1,1048
98,2,219,scip,3,903100000,4.29357,facLoc_1000_50_39_1,1048
99,2,219,scip,4,903100000,4.028519,facLoc_1000_50_39_1,1048
100,2,220,scip,0,188600000,3.684803,facLoc_100_100_1_1,198
101,2,220,scip,1,188400000,3.613433,facLoc_100_100_1_1,198
102,2,220,scip,2,188000000,3.910864,facLoc_100_100_1_1,198
103,2,220,scip,3,188800000,3.753511,facLoc_100_100_1_1,198
106,2,220,scip,4,188200000,3.689697,facLoc_100_100_1_1,198
105,2,221,scip,0,188755000,3.826905,facLoc_100_100_1_3,194
107,2,221,scip,1,188945000,3.617611,facLoc_100_100_1_3,194
104,2,221,scip,2,188533000,4.131117,facLoc_100_100_1_3,194
108,2,221,scip,3,187996000,4.343317,facLoc_100_100_1_3,194
110,2,221,scip,4,188077000,3.517663,facLoc_100_100_1_3,194
111,2,222,scip,0,186753360,4.879165,facLoc_100_100_1_5,168
109,2,222,scip,1,187346880,5.70563,facLoc_100_100_1_5,168
112,2,222,scip,2,186782510,4.912195,facLoc_100_100_1_5,168
115,2,222,scip,3,187235350,5.810465,facLoc_100_100_1_5,168
116,2,222,scip,4,186457850,6.763215,facLoc_100_100_1_5,168
114,2,223,scip,0,187328868,4.135323,facLoc_100_100_1_8,171
113,2,223,scip,1,187172747,3.319919,facLoc_100_100_1_8,171
119,2,223,scip,2,188580809,4.184722,facLoc_100_100_1_8,171
117,2,223,scip,3,186622129,5.128328,facLoc_100_100_1_8,171
118,2,223,scip,4,188076480,4.658014,facLoc_100_100_1_8,171
122,2,224,scip,0,108900000,0.055590999999999995,facLoc_100_20_5_1,118
123,2,224,scip,1,108900000,0.055038,facLoc_100_20_5_1,118
120,2,224,scip,2,108900000,0.056047,facLoc_100_20_5_1,118
121,2,224,scip,3,108900000,0.059018999999999995,facLoc_100_20_5_1,118
124,2,224,scip,4,108900000,0.061584999999999994,facLoc_100_20_5_1,118
128,2,225,scip,0,106766670,0.067956,facLoc_100_20_5_5,92
126,2,225,scip,1,107223650,0.075519,facLoc_100_20_5_5,92
127,2,225,scip,2,107017810,0.07027699999999999,facLoc_100_20_5_5,92
125,2,225,scip,3,107422870,0.075667,facLoc_100_20_5_5,92
130,2,225,scip,4,106963080,0.06866,facLoc_100_20_5_5,92
131,2,226,scip,0,102678639,16.495685,facLoc_100_20_7_8,103
129,2,226,scip,1,102725405,4.752969,facLoc_100_20_7_8,103
132,2,226,scip,2,102347546,18.608647,facLoc_100_20_7_8,103
134,2,226,scip,3,102345667,2.836067,facLoc_100_20_7_8,103
135,2,226,scip,4,102881040,2.566492,facLoc_100_20_7_8,103
136,2,227,scip,0,100828000,49.73953,facLoc_100_20_8_3,103
133,2,227,scip,1,100792000,49.365799,facLoc_100_20_8_3,103
140,2,227,scip,2,100542000,0.33430499999999996,facLoc_100_20_8_3,103
137,2,227,scip,3,100385000,43.263346,facLoc_100_20_8_3,103
138,2,227,scip,4,100305000,53.676253,facLoc_100_20_8_3,103
139,2,228,scip,0,188300000,19.772805,facLoc_100_250_1_1,348
141,2,228,scip,1,188300000,19.355124,facLoc_100_250_1_1,348
142,2,228,scip,2,188300000,19.555351,facLoc_100_250_1_1,348
144,2,228,scip,3,188300000,19.61062,facLoc_100_250_1_1,348
143,2,228,scip,4,188300000,22.481,facLoc_100_250_1_1,348
148,2,229,scip,0,187743000,20.159139,facLoc_100_250_1_3,324
145,2,229,scip,1,187293000,20.083072,facLoc_100_250_1_3,324
146,2,229,scip,2,187361000,22.138919,facLoc_100_250_1_3,324
147,2,229,scip,3,187001000,19.527628,facLoc_100_250_1_3,324
149,2,229,scip,4,187369000,20.686806,facLoc_100_250_1_3,324
152,2,230,scip,0,187263570,18.310114,facLoc_100_250_1_5,318
151,2,230,scip,1,186897070,18.728012,facLoc_100_250_1_5,318
150,2,230,scip,2,186730080,21.492054,facLoc_100_250_1_5,318
154,2,230,scip,3,186600740,30.285894,facLoc_100_250_1_5,318
153,2,230,scip,4,186762960,18.971887,facLoc_100_250_1_5,318
155,2,231,scip,0,186394319,21.599918,facLoc_100_250_1_8,321
156,2,231,scip,1,186532103,17.828612,facLoc_100_250_1_8,321
158,2,231,scip,2,186976701,24.28554,facLoc_100_250_1_8,321
159,2,231,scip,3,186712265,17.877852,facLoc_100_250_1_8,321
157,2,231,scip,4,186617251,22.887123,facLoc_100_250_1_8,321
163,2,232,scip,0,187400000,82.190436,facLoc_100_500_1_1,598
160,2,232,scip,1,187600000,75.472706,facLoc_100_500_1_1,598
162,2,232,scip,2,187500000,79.965781,facLoc_100_500_1_1,598
161,2,232,scip,3,187500000,78.045934,facLoc_100_500_1_1,598
164,2,232,scip,4,187500000,80.320677,facLoc_100_500_1_1,598
165,2,233,scip,0,186206000,69.589161,facLoc_100_500_1_3,567
166,2,233,scip,1,186168000,70.138697,facLoc_100_500_1_3,567
169,2,233,scip,2,186171000,64.574767,facLoc_100_500_1_3,567
170,2,233,scip,3,186202000,81.435557,facLoc_100_500_1_3,567
167,2,233,scip,4,186242000,71.745226,facLoc_100_500_1_3,567
168,2,234,scip,0,186751360,76.092652,facLoc_100_500_1_5,547
172,2,234,scip,1,186723870,86.687709,facLoc_100_500_1_5,547
171,2,234,scip,2,186786570,80.712151,facLoc_100_500_1_5,547
174,2,234,scip,3,186784940,60.45201,facLoc_100_500_1_5,547
175,2,234,scip,4,186741970,89.51013,facLoc_100_500_1_5,547
173,2,235,scip,0,186869287,78.052336,facLoc_100_500_1_8,573
176,2,235,scip,1,187460635,84.687531,facLoc_100_500_1_8,573
180,2,235,scip,2,187750133,82.797493,facLoc_100_500_1_8,573
177,2,235,scip,3,187502236,65.222523,facLoc_100_500_1_8,573
179,2,235,scip,4,187038238,80.714732,facLoc_100_500_1_8,573
178,2,236,scip,0,139600000,0.235002,facLoc_100_50_2_1,148
181,2,236,scip,1,139600000,0.214597,facLoc_100_50_2_1,148
182,2,236,scip,2,139600000,0.718232,facLoc_100_50_2_1,148
184,2,236,scip,3,139600000,0.211218,facLoc_100_50_2_1,148
183,2,236,scip,4,139600000,0.216436,facLoc_100_50_2_1,148
186,2,237,scip,0,137519000,0.221299,facLoc_100_50_2_3,128
185,2,237,scip,1,138140000,0.226342,facLoc_100_50_2_3,128
187,2,237,scip,2,137958000,0.220235,facLoc_100_50_2_3,128
188,2,237,scip,3,138223000,0.195719,facLoc_100_50_2_3,128
190,2,237,scip,4,138295000,0.213201,facLoc_100_50_2_3,128
189,2,238,scip,0,121342570,3600.006054,facLoc_100_50_3_5,123
191,2,238,scip,1,120938770,3600.006233,facLoc_100_50_3_5,123
192,2,238,scip,2,121455440,3600.003611,facLoc_100_50_3_5,123
193,2,238,scip,3,121345650,3600.004288,facLoc_100_50_3_5,123
196,2,238,scip,4,120957360,3600.006081,facLoc_100_50_3_5,123
194,2,239,scip,0,120998158,3600.007159,facLoc_100_50_3_8,123
195,2,239,scip,1,120974588,3600.011273,facLoc_100_50_3_8,123
197,2,239,scip,2,120795221,3600.018573,facLoc_100_50_3_8,123
200,2,239,scip,3,120619413,3600.004187,facLoc_100_50_3_8,123
199,2,239,scip,4,120922739,3600.009485,facLoc_100_50_3_8,123
198,2,240,scip,0,1367304000,192.048642,facLoc_1500_100_20_3,426
203,2,240,scip,1,1368359000,127.36558,facLoc_1500_100_20_3,426
202,2,240,scip,2,1368890000,168.38596,facLoc_1500_100_20_3,426
201,2,240,scip,3,1366402000,237.205735,facLoc_1500_100_20_3,426
205,2,240,scip,4,1369796000,130.025213,facLoc_1500_100_20_3,426
206,2,241,scip,0,1367646400,266.183461,facLoc_1500_100_20_5,426
204,2,241,scip,1,1370618710,133.076502,facLoc_1500_100_20_5,426
207,2,241,scip,2,1366430030,139.206287,facLoc_1500_100_20_5,426
208,2,241,scip,3,1367811360,118.938796,facLoc_1500_100_20_5,426
209,2,241,scip,4,1368475040,123.840592,facLoc_1500_100_20_5,426
213,2,242,scip,0,1356798063,3600.00815,facLoc_1500_100_24_8,426
210,2,242,scip,1,1357093134,3600.009147,facLoc_1500_100_24_8,426
211,2,242,scip,2,1356697830,3600.002834,facLoc_1500_100_24_8,426
212,2,242,scip,3,1359113330,3600.248664,facLoc_1500_100_24_8,426
214,2,242,scip,4,1358181082,3600.012917,facLoc_1500_100_24_8,426
215,2,243,scip,0,1367400000,150.156614,facLoc_1500_100_26_1,426
216,2,243,scip,1,1367400000,47.710498,facLoc_1500_100_26_1,426
217,2,243,scip,2,1367400000,45.032617,facLoc_1500_100_26_1,426
218,2,243,scip,3,1367400000,47.4902,facLoc_1500_100_26_1,426
219,2,243,scip,4,1367400000,54.652378,facLoc_1500_100_26_1,426
220,2,244,scip,0,1314025150,57.100183,facLoc_1500_20_101_8,1467
221,2,244,scip,1,1310317032,15.263795,facLoc_1500_20_101_8,1467
222,2,244,scip,2,1310922087,18.445855,facLoc_1500_20_101_8,1467
223,2,244,scip,3,1316814746,12.520853,facLoc_1500_20_101_8,1467
225,2,244,scip,4,1315647767,20.195414,facLoc_1500_20_101_8,1467
224,2,245,scip,0,1311557000,23.210237,facLoc_1500_20_125_3,1467
226,2,245,scip,1,1313212000,27.42497,facLoc_1500_20_125_3,1467
227,2,245,scip,2,1314492000,72.564403,facLoc_1500_20_125_3,1467
228,2,245,scip,3,1312510000,56.082685,facLoc_1500_20_125_3,1467
229,2,245,scip,4,1314132000,22.270753,facLoc_1500_20_125_3,1467
231,2,246,scip,0,1333200000,2.805076,facLoc_1500_20_128_1,1500
230,2,246,scip,1,1333200000,2.859454,facLoc_1500_20_128_1,1500
232,2,246,scip,2,1333200000,2.766185,facLoc_1500_20_128_1,1500
233,2,246,scip,3,1333200000,2.926935,facLoc_1500_20_128_1,1500
234,2,246,scip,4,1333200000,9.238369,facLoc_1500_20_128_1,1500
235,2,247,scip,0,1312583370,43.577292,facLoc_1500_20_84_5,1463
236,2,247,scip,1,1315085350,24.781982,facLoc_1500_20_84_5,1463
237,2,247,scip,2,1313541540,4.923953,facLoc_1500_20_84_5,1463
238,2,247,scip,3,1313027310,17.941754,facLoc_1500_20_84_5,1463
240,2,247,scip,4,1311369110,20.606987,facLoc_1500_20_84_5,1463
239,2,248,scip,0,1471700000,190.388316,facLoc_1500_250_10_1,170
241,2,248,scip,1,1471700000,324.491638,facLoc_1500_250_10_1,170
242,2,248,scip,2,1471700000,832.683987,facLoc_1500_250_10_1,170
243,2,248,scip,3,1471700000,258.731366,facLoc_1500_250_10_1,170
244,2,248,scip,4,1471700000,229.648658,facLoc_1500_250_10_1,170
245,2,249,scip,0,1434026000,3608.667818,facLoc_1500_250_11_3,170
246,2,249,scip,1,1434593000,3600.317905,facLoc_1500_250_11_3,170
247,2,249,scip,2,1433451000,3610.581214,facLoc_1500_250_11_3,170
248,2,249,scip,3,1433104000,3602.023642,facLoc_1500_250_11_3,170
249,2,249,scip,4,1435330000,3607.534267,facLoc_1500_250_11_3,170
250,2,250,scip,0,1545876858,1416.219424,facLoc_1500_250_6_8,170
251,2,250,scip,1,1545559125,255.785408,facLoc_1500_250_6_8,170
252,2,250,scip,2,1543536043,375.477365,facLoc_1500_250_6_8,170
253,2,250,scip,3,1546343573,516.157038,facLoc_1500_250_6_8,170
255,2,250,scip,4,1544114884,358.830584,facLoc_1500_250_6_8,170
254,2,251,scip,0,1465756520,3603.807277,facLoc_1500_250_9_5,170
256,2,251,scip,1,1466547540,3600.040651,facLoc_1500_250_9_5,170
257,2,251,scip,2,1464956700,3600.161135,facLoc_1500_250_9_5,170
258,2,251,scip,3,1468375220,3602.568184,facLoc_1500_250_9_5,170
259,2,251,scip,4,1464846350,3600.624466,facLoc_1500_250_9_5,170
260,2,252,scip,0,1808800000,3466.315455,facLoc_1500_500_3_1,85
262,2,252,scip,1,1808800000,3376.323584,facLoc_1500_500_3_1,85
261,2,252,scip,2,1808800000,3019.63934,facLoc_1500_500_3_1,85
263,2,252,scip,3,1808800000,3601.011509,facLoc_1500_500_3_1,85
264,2,252,scip,4,1808800000,3600.017027,facLoc_1500_500_3_1,85
265,2,253,scip,0,1691009908,3600.043639,facLoc_1500_500_4_8,85
266,2,253,scip,1,1671971785,3340.824875,facLoc_1500_500_4_8,85
267,2,253,scip,2,1689066292,3600.958356,facLoc_1500_500_4_8,85
268,2,253,scip,3,1696932700,3603.500329,facLoc_1500_500_4_8,85
269,2,253,scip,4,1693853417,3600.107582,facLoc_1500_500_4_8,85
270,2,254,scip,0,1614365000,3601.547342,facLoc_1500_500_5_3,85
273,2,254,scip,1,1620619000,3603.25629,facLoc_1500_500_5_3,85
272,2,254,scip,2,1630203000,3600.530304,facLoc_1500_500_5_3,85
274,2,254,scip,3,1616127000,3603.329404,facLoc_1500_500_5_3,85
271,2,254,scip,4,1627032000,3600.159391,facLoc_1500_500_5_3,85
276,2,255,scip,0,1605991450,3600.099144,facLoc_1500_500_5_5,85
275,2,255,scip,1,1605807240,3600.105014,facLoc_1500_500_5_5,85
277,2,255,scip,2,1613231250,3601.237813,facLoc_1500_500_5_5,85
280,2,255,scip,3,1611701650,3612.342096,facLoc_1500_500_5_5,85
278,2,255,scip,4,1590750660,1899.524176,facLoc_1500_500_5_5,85
279,2,256,scip,0,1335636078,26.940071,facLoc_1500_50_30_8,852
281,2,256,scip,1,1339688739,26.236848,facLoc_1500_50_30_8,852
282,2,256,scip,2,1338616273,104.811493,facLoc_1500_50_30_8,852
283,2,256,scip,3,1340534069,87.462708,facLoc_1500_50_30_8,852
285,2,256,scip,4,1337399318,22.975851,facLoc_1500_50_30_8,852
284,2,257,scip,0,1328362470,3600.008556,facLoc_1500_50_48_5,852
287,2,257,scip,1,1325904840,3600.001684,facLoc_1500_50_48_5,852
286,2,257,scip,2,1325996810,3600.001704,facLoc_1500_50_48_5,852
288,2,257,scip,3,1325068180,3600.00894,facLoc_1500_50_48_5,852
290,2,257,scip,4,1326859660,3600.005182,facLoc_1500_50_48_5,852
289,2,258,scip,0,1348400000,21.453944,facLoc_1500_50_53_1,852
291,2,258,scip,1,1348400000,6.495729,facLoc_1500_50_53_1,852
292,2,258,scip,2,1348400000,6.922562,facLoc_1500_50_53_1,852
294,2,258,scip,3,1348400000,6.837359,facLoc_1500_50_53_1,852
293,2,258,scip,4,1348400000,6.841763,facLoc_1500_50_53_1,852
295,2,259,scip,0,1321300000,138.107117,facLoc_1500_50_56_3,852
298,2,259,scip,1,1321766000,125.230616,facLoc_1500_50_56_3,852
296,2,259,scip,2,1323604000,130.463947,facLoc_1500_50_56_3,852
297,2,259,scip,3,1321312000,155.898463,facLoc_1500_50_56_3,852
301,2,259,scip,4,1322601000,149.01022,facLoc_1500_50_56_3,852
300,2,260,scip,0,1824700000,78.572802,facLoc_2000_100_28_1,319
299,2,260,scip,1,1824700000,76.402032,facLoc_2000_100_28_1,319
303,2,260,scip,2,1824700000,70.46628,facLoc_2000_100_28_1,319
302,2,260,scip,3,1824700000,73.405781,facLoc_2000_100_28_1,319
304,2,260,scip,4,1824700000,85.304177,facLoc_2000_100_28_1,319
305,2,261,scip,0,1787100989,3601.001066,facLoc_2000_100_30_8,319
307,2,261,scip,1,1791944298,3600.068931,facLoc_2000_100_30_8,319
306,2,261,scip,2,1787683506,3600.016361,facLoc_2000_100_30_8,319
308,2,261,scip,3,1790169525,3600.204193,facLoc_2000_100_30_8,319
309,2,261,scip,4,1784608292,3600.074923,facLoc_2000_100_30_8,319
310,2,262,scip,0,1791323000,3600.006401,facLoc_2000_100_32_3,319
311,2,262,scip,1,1796870000,3600.004453,facLoc_2000_100_32_3,319
314,2,262,scip,2,1795093000,3600.005329,facLoc_2000_100_32_3,319
313,2,262,scip,3,1797500000,3600.004197,facLoc_2000_100_32_3,319
312,2,262,scip,4,1794973000,3600.054413,facLoc_2000_100_32_3,319
316,2,263,scip,0,1790538590,3600.154435,facLoc_2000_100_33_5,319
315,2,263,scip,1,1790752660,3600.004408,facLoc_2000_100_33_5,319
317,2,263,scip,2,1788646750,3600.038047,facLoc_2000_100_33_5,319
318,2,263,scip,3,1787265760,3600.095437,facLoc_2000_100_33_5,319
319,2,263,scip,4,1791924610,3600.038268,facLoc_2000_100_33_5,319
320,2,264,scip,0,1770800000,4.178609,facLoc_2000_20_144_1,1500
322,2,264,scip,1,1770800000,4.166658,facLoc_2000_20_144_1,1500
321,2,264,scip,2,1770800000,5.644484,facLoc_2000_20_144_1,1500
323,2,264,scip,3,1770800000,3.941263,facLoc_2000_20_144_1,1500
324,2,264,scip,4,1770800000,3.815058,facLoc_2000_20_144_1,1500
325,2,265,scip,0,1744530000,118.693222,facLoc_2000_20_165_3,1500
326,2,265,scip,1,1742549000,153.824542,facLoc_2000_20_165_3,1500
327,2,265,scip,2,1745566000,92.013101,facLoc_2000_20_165_3,1500
328,2,265,scip,3,1741589000,358.923557,facLoc_2000_20_165_3,1500
329,2,265,scip,4,1740860000,92.185707,facLoc_2000_20_165_3,1500
330,2,266,scip,0,1739132271,53.906609,facLoc_2000_20_168_8,1500
331,2,266,scip,1,1740232694,25.176727,facLoc_2000_20_168_8,1500
332,2,266,scip,2,1743765292,31.1465,facLoc_2000_20_168_8,1500
333,2,266,scip,3,1741346751,20.186606,facLoc_2000_20_168_8,1500
334,2,266,scip,4,1741503390,52.948081,facLoc_2000_20_168_8,1500
335,2,267,scip,0,1742506780,100.982254,facLoc_2000_20_187_5,1500
338,2,267,scip,1,1738902400,88.684712,facLoc_2000_20_187_5,1500
336,2,267,scip,2,1741081190,69.061033,facLoc_2000_20_187_5,1500
337,2,267,scip,3,1738938570,77.791489,facLoc_2000_20_187_5,1500
339,2,267,scip,4,1736784410,166.17299,facLoc_2000_20_187_5,1500
340,2,268,scip,0,1958400000,703.259637,facLoc_2000_250_10_1,127
341,2,268,scip,1,1958400000,683.856226,facLoc_2000_250_10_1,127
342,2,268,scip,2,1958400000,2669.329678,facLoc_2000_250_10_1,127
343,2,268,scip,3,1958400000,1135.891886,facLoc_2000_250_10_1,127
344,2,268,scip,4,1958400000,977.573022,facLoc_2000_250_10_1,127
345,2,269,scip,0,1904969580,3392.826846,facLoc_2000_250_11_5,127
346,2,269,scip,1,1906386170,3600.53293,facLoc_2000_250_11_5,127
347,2,269,scip,2,1916279360,3600.725804,facLoc_2000_250_11_5,127
348,2,269,scip,3,1914924120,3600.372556,facLoc_2000_250_11_5,127
349,2,269,scip,4,1905170650,3398.064422,facLoc_2000_250_11_5,127
350,2,270,scip,0,1906023120,3173.007976,facLoc_2000_250_11_8,127
352,2,270,scip,1,1908770520,579.128499,facLoc_2000_250_11_8,127
353,2,270,scip,2,1907345676,2223.020642,facLoc_2000_250_11_8,127
351,2,270,scip,3,1907911161,3054.054726,facLoc_2000_250_11_8,127
355,2,270,scip,4,1906503092,3471.915601,facLoc_2000_250_11_8,127
354,2,271,scip,0,1876542000,2968.938345,facLoc_2000_250_13_3,127
356,2,271,scip,1,1875335000,2893.410446,facLoc_2000_250_13_3,127
357,2,271,scip,2,1878534000,1943.976372,facLoc_2000_250_13_3,127
359,2,271,scip,3,1875583000,1985.37379,facLoc_2000_250_13_3,127
358,2,271,scip,4,1877687000,2579.942928,facLoc_2000_250_13_3,127
360,2,272,scip,0,2254200000,3601.395773,facLoc_2000_500_4_1,63
362,2,272,scip,1,2254200000,3601.942524,facLoc_2000_500_4_1,63
361,2,272,scip,2,2254200000,3600.905174,facLoc_2000_500_4_1,63
365,2,272,scip,3,2254200000,3601.914177,facLoc_2000_500_4_1,63
363,2,272,scip,4,2254200000,3601.459938,facLoc_2000_500_4_1,63
364,2,273,scip,0,2090865000,3602.626775,facLoc_2000_500_7_3,63
366,2,273,scip,1,2077005000,3608.595487,facLoc_2000_500_7_3,63
367,2,273,scip,2,2012985000,3601.350406,facLoc_2000_500_7_3,63
368,2,273,scip,3,2044868000,3600.030663,facLoc_2000_500_7_3,63
369,2,273,scip,4,2090865000,3603.310881,facLoc_2000_500_7_3,63
370,2,274,scip,0,2063367560,3600.136432,facLoc_2000_500_7_5,63
371,2,274,scip,1,2074615220,3600.162595,facLoc_2000_500_7_5,63
372,2,274,scip,2,2074959700,3600.55203,facLoc_2000_500_7_5,63
373,2,274,scip,3,2074959700,3603.440695,facLoc_2000_500_7_5,63
375,2,274,scip,4,2067223880,3600.368727,facLoc_2000_500_7_5,63
374,2,275,scip,0,2085701858,3600.481227,facLoc_2000_500_7_8,63
376,2,275,scip,1,2085701858,3604.480675,facLoc_2000_500_7_8,63
377,2,275,scip,2,2056324892,3609.30098,facLoc_2000_500_7_8,63
378,2,275,scip,3,2058677714,3600.148437,facLoc_2000_500_7_8,63
379,2,275,scip,4,2073477490,3600.136216,facLoc_2000_500_7_8,63
380,2,276,scip,0,1799900000,12.013794,facLoc_2000_50_42_1,639
381,2,276,scip,1,1799900000,11.893949,facLoc_2000_50_42_1,639
382,2,276,scip,2,1799900000,11.822455,facLoc_2000_50_42_1,639
383,2,276,scip,3,1799900000,13.142657,facLoc_2000_50_42_1,639
384,2,276,scip,4,1799900000,13.381624,facLoc_2000_50_42_1,639
385,2,277,scip,0,1766418881,3600.003829,facLoc_2000_50_45_8,639
386,2,277,scip,1,1769145964,3600.010369,facLoc_2000_50_45_8,639
387,2,277,scip,2,1775655034,3600.001931,facLoc_2000_50_45_8,639
388,2,277,scip,3,1767585387,3600.001987,facLoc_2000_50_45_8,639
389,2,277,scip,4,1770493222,3600.038742,facLoc_2000_50_45_8,639
390,2,278,scip,0,1765617000,171.835422,facLoc_2000_50_49_3,639
391,2,278,scip,1,1761774000,193.498762,facLoc_2000_50_49_3,639
393,2,278,scip,2,1765636000,155.637214,facLoc_2000_50_49_3,639
394,2,278,scip,3,1763283000,153.360016,facLoc_2000_50_49_3,639
392,2,278,scip,4,1764680000,136.929248,facLoc_2000_50_49_3,639
395,2,279,scip,0,1747926810,3600.021178,facLoc_2000_50_76_5,639
396,2,279,scip,1,1750189220,3600.002565,facLoc_2000_50_76_5,639
397,2,279,scip,2,1748626810,3600.002258,facLoc_2000_50_76_5,639
398,2,279,scip,3,1750164950,3600.003306,facLoc_2000_50_76_5,639
399,2,279,scip,4,1748429030,3600.01025,facLoc_2000_50_76_5,639
401,2,280,scip,0,519445434,3600.002711,facLoc_500_100_6_8,484
400,2,280,scip,1,519668839,3600.003436,facLoc_500_100_6_8,484
402,2,280,scip,2,521505022,3600.001322,facLoc_500_100_6_8,484
403,2,280,scip,3,520090532,3600.041835,facLoc_500_100_6_8,484
404,2,280,scip,4,519396061,3600.001624,facLoc_500_100_6_8,484
405,2,281,scip,0,493270000,3600.050501,facLoc_500_100_8_3,451
407,2,281,scip,1,493785000,3600.111002,facLoc_500_100_8_3,451
406,2,281,scip,2,493439000,3600.001548,facLoc_500_100_8_3,451
408,2,281,scip,3,492150000,3600.079922,facLoc_500_100_8_3,451
409,2,281,scip,4,494463000,3600.002075,facLoc_500_100_8_3,451
410,2,282,scip,0,496808500,3600.033035,facLoc_500_100_8_5,451
411,2,282,scip,1,493113570,3600.05064,facLoc_500_100_8_5,451
412,2,282,scip,2,494076740,3600.145699,facLoc_500_100_8_5,451
413,2,282,scip,3,495124250,3600.00221,facLoc_500_100_8_5,451
414,2,282,scip,4,495548560,3600.076104,facLoc_500_100_8_5,451
415,2,283,scip,0,495900000,3.350866,facLoc_500_100_9_1,598
416,2,283,scip,1,495900000,3.197508,facLoc_500_100_9_1,598
417,2,283,scip,2,495900000,9.046433,facLoc_500_100_9_1,598
418,2,283,scip,3,495900000,7.477932,facLoc_500_100_9_1,598
419,2,283,scip,4,495900000,3.198034,facLoc_500_100_9_1,598
420,2,284,scip,0,458700000,0.467306,facLoc_500_20_26_1,518
421,2,284,scip,1,458700000,0.53831,facLoc_500_20_26_1,518
422,2,284,scip,2,458700000,0.525961,facLoc_500_20_26_1,518
423,2,284,scip,3,458700000,0.47043,facLoc_500_20_26_1,518
424,2,284,scip,4,458700000,0.554808,facLoc_500_20_26_1,518
425,2,285,scip,0,452439810,10.442252,facLoc_500_20_30_5,473
426,2,285,scip,1,452075760,2.574234,facLoc_500_20_30_5,473
427,2,285,scip,2,451042350,13.328486,facLoc_500_20_30_5,473
428,2,285,scip,3,450055190,2.923439,facLoc_500_20_30_5,473
429,2,285,scip,4,449968760,11.500515,facLoc_500_20_30_5,473
430,2,286,scip,0,444406000,25.820198,facLoc_500_20_38_3,469
431,2,286,scip,1,445364000,36.167681,facLoc_500_20_38_3,469
432,2,286,scip,2,445277000,120.865495,facLoc_500_20_38_3,469
433,2,286,scip,3,443977000,35.330804,facLoc_500_20_38_3,469
434,2,286,scip,4,446181000,27.675762,facLoc_500_20_38_3,469
435,2,287,scip,0,447876371,1.286087,facLoc_500_20_39_8,478
436,2,287,scip,1,447804901,2.654186,facLoc_500_20_39_8,478
438,2,287,scip,2,447117475,1.174346,facLoc_500_20_39_8,478
437,2,287,scip,3,446871040,0.981597,facLoc_500_20_39_8,478
439,2,287,scip,4,447376579,2.742146,facLoc_500_20_39_8,478
441,2,288,scip,0,682189000,50.52909,facLoc_500_250_2_3,510
440,2,288,scip,1,680407000,42.133195,facLoc_500_250_2_3,510
442,2,288,scip,2,682658000,33.837684,facLoc_500_250_2_3,510
443,2,288,scip,3,681354000,24.497605,facLoc_500_250_2_3,510
444,2,288,scip,4,682991000,108.154546,facLoc_500_250_2_3,510
445,2,289,scip,0,682168643,135.130289,facLoc_500_250_2_8,510
446,2,289,scip,1,683296940,37.396689,facLoc_500_250_2_8,510
447,2,289,scip,2,682844632,31.111087,facLoc_500_250_2_8,510
448,2,289,scip,3,681033325,45.548817,facLoc_500_250_2_8,510
449,2,289,scip,4,681804042,39.011464,facLoc_500_250_2_8,510
450,2,290,scip,0,605100000,25.355727,facLoc_500_250_3_1,510
451,2,290,scip,1,605100000,37.616147,facLoc_500_250_3_1,510
452,2,290,scip,2,605100000,39.311324,facLoc_500_250_3_1,510
453,2,290,scip,3,605100000,55.743742,facLoc_500_250_3_1,510
454,2,290,scip,4,605100000,32.746118,facLoc_500_250_3_1,510
455,2,291,scip,0,597347500,3600.002135,facLoc_500_250_3_5,510
456,2,291,scip,1,598079420,3600.083344,facLoc_500_250_3_5,510
457,2,291,scip,2,596932210,3600.007854,facLoc_500_250_3_5,510
458,2,291,scip,3,595706320,3600.010995,facLoc_500_250_3_5,510
459,2,291,scip,4,598492580,3600.007295,facLoc_500_250_3_5,510
460,2,292,scip,0,941100000,1040.045645,facLoc_500_500_1_1,256
461,2,292,scip,1,941000000,911.047599,facLoc_500_500_1_1,256
462,2,292,scip,2,941000000,1048.648194,facLoc_500_500_1_1,256
463,2,292,scip,3,941100000,3299.189478,facLoc_500_500_1_1,256
464,2,292,scip,4,941100000,1225.995919,facLoc_500_500_1_1,256
465,2,293,scip,0,934466000,1143.580867,facLoc_500_500_1_3,256
466,2,293,scip,1,934078000,1108.71698,facLoc_500_500_1_3,256
467,2,293,scip,2,935281000,1172.727942,facLoc_500_500_1_3,256
468,2,293,scip,3,936696000,905.540549,facLoc_500_500_1_3,256
469,2,293,scip,4,933156000,1038.95946,facLoc_500_500_1_3,256
470,2,294,scip,0,932862250,1271.200241,facLoc_500_500_1_5,256
472,2,294,scip,1,931658580,1136.944134,facLoc_500_500_1_5,256
471,2,294,scip,2,932385400,1383.379091,facLoc_500_500_1_5,256
474,2,294,scip,3,932468380,1234.919629,facLoc_500_500_1_5,256
473,2,294,scip,4,933551560,1320.082043,facLoc_500_500_1_5,256
475,2,295,scip,0,931328862,1186.065741,facLoc_500_500_1_8,256
476,2,295,scip,1,930901335,1188.076058,facLoc_500_500_1_8,256
477,2,295,scip,2,932120200,1102.294427,facLoc_500_500_1_8,256
479,2,295,scip,3,930344243,1065.283086,facLoc_500_500_1_8,256
478,2,295,scip,4,931727830,1159.273328,facLoc_500_500_1_8,256
480,2,296,scip,0,489100000,1.44957,facLoc_500_50_10_1,548
482,2,296,scip,1,489100000,1.437799,facLoc_500_50_10_1,548
481,2,296,scip,2,489100000,1.436346,facLoc_500_50_10_1,548
483,2,296,scip,3,489100000,1.422117,facLoc_500_50_10_1,548
484,2,296,scip,4,489100000,1.413602,facLoc_500_50_10_1,548
487,2,297,scip,0,477493000,3600.000676,facLoc_500_50_12_3,462
485,2,297,scip,1,476840000,3600.000464,facLoc_500_50_12_3,462
486,2,297,scip,2,477589000,3600.000989,facLoc_500_50_12_3,462
488,2,297,scip,3,476685000,3600.000902,facLoc_500_50_12_3,462
489,2,297,scip,4,477543000,3600.001006,facLoc_500_50_12_3,462
490,2,298,scip,0,465261766,3600.003789,facLoc_500_50_15_8,431
492,2,298,scip,1,461466465,3600.00117,facLoc_500_50_15_8,431
491,2,298,scip,2,462214033,3600.023134,facLoc_500_50_15_8,431
493,2,298,scip,3,464824374,3600.004959,facLoc_500_50_15_8,431
494,2,298,scip,4,462777599,3600.024604,facLoc_500_50_15_8,431
495,2,299,scip,0,462115370,3600.017366,facLoc_500_50_17_5,458
496,2,299,scip,1,462746250,3600.039394,facLoc_500_50_17_5,458
497,2,299,scip,2,463848840,3600.002304,facLoc_500_50_17_5,458
498,2,299,scip,3,462220700,3600.005157,facLoc_500_50_17_5,458
499,2,299,scip,4,463632680,3600.008526,facLoc_500_50_17_5,458
